{"cameraMode":{"drawMode":0,"name":"Shaded","section":"Shading Mode"},"sceneLighting":true,"audioPlay":false,"sceneViewState":{"showFog":true,"showMaterialUpdate":false,"showSkybox":true,"showFlares":true,"showImageEffects":true,"showParticleSystems":true},"in2DMode":false,"pivot":{"x":33.91202926635742,"y":37.737091064453128,"z":16.351898193359376},"rotation":{"x":0.2652668058872223,"y":0.5201181173324585,"z":-0.17399246990680695,"w":0.7930134534835815},"size":79.11418151855469,"orthographic":false}